{"cameraMode":{"drawMode":0,"name":"Shaded","section":"Shading Mode"},"sceneLighting":true,"audioPlay":false,"sceneViewState":{"showFog":true,"showMaterialUpdate":false,"showSkybox":true,"showFlares":true,"showImageEffects":true,"showParticleSystems":true},"in2DMode":false,"pivot":{"x":114.87327575683594,"y":4.279216766357422,"z":96.86498260498047},"rotation":{"x":0.054827429354190829,"y":0.8642785549163818,"z":-0.09660828113555908,"w":0.4906200170516968},"size":22.131851196289064,"orthographic":false}